kwh_veh,chemistry
0.782058678,NMC 721
29.57310587,NMC 811
10.08770299,LFP
31.52345204,NCA
0.018653209,NMC 111
8.539286602,NMC 532
6.53148799,NMC 622
