"kwh_veh","chemistry"
1.25938686807926,"NMC 111"
6.72335168575215,"LFP"
16.9449219152998,"NMC 622"
4.24889401330496,"NMC 532"
6.61076011478176,"NMC 811"
1.51135362235246,"NMC 721"
44.4250903949929,"NCA"
